-- phpMyAdmin SQL Dump
-- version 4.8.1
-- https://www.phpmyadmin.net/
--
-- Host: 127.0.0.1
-- Generation Time: Nov 30, 2018 at 09:51 AM
-- Server version: 10.1.33-MariaDB
-- PHP Version: 7.2.6

SET SQL_MODE = "NO_AUTO_VALUE_ON_ZERO";
SET AUTOCOMMIT = 0;
START TRANSACTION;
SET time_zone = "+00:00";


/*!40101 SET @OLD_CHARACTER_SET_CLIENT=@@CHARACTER_SET_CLIENT */;
/*!40101 SET @OLD_CHARACTER_SET_RESULTS=@@CHARACTER_SET_RESULTS */;
/*!40101 SET @OLD_COLLATION_CONNECTION=@@COLLATION_CONNECTION */;
/*!40101 SET NAMES utf8mb4 */;

--
-- Database: `foodtraceability`
--

-- --------------------------------------------------------

--
-- Table structure for table `admin`
--

CREATE TABLE `admin` (
  `ad_id` int(11) NOT NULL,
  `ad_name` varchar(100) COLLATE utf8mb4_thai_520_w2 NOT NULL,
  `ad_lastname` varchar(100) COLLATE utf8mb4_thai_520_w2 NOT NULL,
  `ad_email` varchar(100) COLLATE utf8mb4_thai_520_w2 NOT NULL,
  `ad_username` varchar(100) COLLATE utf8mb4_thai_520_w2 NOT NULL,
  `ad_password` varchar(100) COLLATE utf8mb4_thai_520_w2 NOT NULL
) ENGINE=InnoDB DEFAULT CHARSET=utf8mb4 COLLATE=utf8mb4_thai_520_w2;

--
-- Dumping data for table `admin`
--

INSERT INTO `admin` (`ad_id`, `ad_name`, `ad_lastname`, `ad_email`, `ad_username`, `ad_password`) VALUES
(1, 'สุนารี', 'แซ่เกอ', 'sunaree8093@gmail.com', 'sunaree', '58021297');

-- --------------------------------------------------------

--
-- Table structure for table `cropdatail`
--

CREATE TABLE `cropdatail` (
  `crop_id` int(11) NOT NULL,
  `record_id` int(11) NOT NULL,
  `plantingactivity` varchar(100) COLLATE utf8mb4_thai_520_w2 NOT NULL,
  `expenses` float NOT NULL,
  `crop_date` timestamp NOT NULL DEFAULT CURRENT_TIMESTAMP ON UPDATE CURRENT_TIMESTAMP,
  `date` date NOT NULL,
  `revenue` float NOT NULL,
  `number_sales` float NOT NULL,
  `sale_price` float NOT NULL
) ENGINE=InnoDB DEFAULT CHARSET=utf8mb4 COLLATE=utf8mb4_thai_520_w2;

--
-- Dumping data for table `cropdatail`
--

INSERT INTO `cropdatail` (`crop_id`, `record_id`, `plantingactivity`, `expenses`, `crop_date`, `date`, `revenue`, `number_sales`, `sale_price`) VALUES
(12, 28, 'เตรียมที่ดิน', 0, '2018-11-16 09:04:55', '2018-11-16', 0, 0, 0),
(13, 28, 'หว่านเมล็ด', 2000, '2018-11-16 09:05:08', '2018-11-16', 0, 0, 0),
(34, 44, 'หว่านเมล็ด', 30, '2018-11-23 05:56:36', '2018-11-23', 12, 0, 0),
(35, 45, 'หว่านเมล็ด', 1050, '2018-11-23 07:35:25', '2018-11-23', 0, 0, 0),
(36, 45, 'เก็บเกี่ยวผลผลิต', 2000, '2018-11-23 07:35:47', '2018-11-23', 0, 0, 0),
(37, 45, 'เก็บเกี่ยวผลผลิต', 0, '2018-11-23 07:42:45', '2018-11-23', 2000, 0, 0),
(38, 46, 'เตรียมที่ดิน', 1000, '2018-11-27 09:31:30', '2018-11-27', 0, 0, 0),
(39, 46, 'หว่านเมล็ด', 2000, '2018-11-27 09:31:49', '2018-11-27', 0, 0, 0),
(40, 46, 'เก็บเกี่ยวผลผลิต', 0, '2018-11-30 06:06:02', '2018-11-30', 1000, 100, 100),
(42, 46, 'เก็บเกี่ยวผลผลิต', 0, '2018-11-30 06:08:13', '2018-11-30', 1500, 500, 5);

-- --------------------------------------------------------

--
-- Table structure for table `member`
--

CREATE TABLE `member` (
  `mem_id` int(10) NOT NULL,
  `mem_name` varchar(50) COLLATE utf8mb4_thai_520_w2 NOT NULL,
  `mem_lastname` varchar(50) COLLATE utf8mb4_thai_520_w2 NOT NULL,
  `mem_sex` varchar(10) COLLATE utf8mb4_thai_520_w2 NOT NULL,
  `mem_address` varchar(100) COLLATE utf8mb4_thai_520_w2 NOT NULL,
  `mem_vocation` varchar(50) COLLATE utf8mb4_thai_520_w2 NOT NULL,
  `mem_tel` varchar(20) COLLATE utf8mb4_thai_520_w2 NOT NULL,
  `mem_email` varchar(100) COLLATE utf8mb4_thai_520_w2 NOT NULL,
  `username` varchar(50) COLLATE utf8mb4_thai_520_w2 NOT NULL,
  `password` varchar(50) COLLATE utf8mb4_thai_520_w2 NOT NULL
) ENGINE=InnoDB DEFAULT CHARSET=utf8mb4 COLLATE=utf8mb4_thai_520_w2;

--
-- Dumping data for table `member`
--

INSERT INTO `member` (`mem_id`, `mem_name`, `mem_lastname`, `mem_sex`, `mem_address`, `mem_vocation`, `mem_tel`, `mem_email`, `username`, `password`) VALUES
(1, 'เก๋อ', 'แซ่เกอ', 'ชาย', 'แม่สอด ตาก', 'เกษร', '0879093024', 'sunaree1297@gmail.com', 'as', '123'),
(2, 'สุนารี', 'แซ่กือ', 'หญิง', 'แม่สอด', 'ทำไร่', '0845768093', 'df@gmail.com', 'w', 'w'),
(3, 'วรเดช', 'กมลปราณี', 'ชาย', 'น่าน', 'เกษตร', '9879096856', 'gu@gmail.com', 'v', 'v'),
(14, 'พาคิน', 'ทาสี', 'หญิง', 'พะเยา', 'p', '0845768093', 'p@gmail.com', 'p', 'p'),
(25, 'ทาสี', 'ไม่ดี', 'ชาย', 'พะเยา', 'ทาสี', '085697830', 'Df@gmail.com', '1', '1'),
(26, 'มาลี', 'ใจดี', 'หญิง', 'แม่สอด', 'ทำไร่', '0879093023', 'su@gmail.com', 'c', 'c'),
(27, 'พรพัชชา', 'น้อยสถิตย์', 'หญิง', '46 ม.2', 'เกษตร', '0619051477', 'v.g.l_2010@hotmail.com', 'nam12', '123456789'),
(28, 'พาคิน', 'ทาสี', 'หญิง', 'ตาก', 'ทำไร่', '084568093', 'Su@gmail.com', '2', '2'),
(29, 'e', 'e', 'หญิง', 'dd', 'dd', 'esdsd', 'adsd', 'ads', 'asdasd'),
(30, 'e', 'e', 'หญิง', 'dd', 'dd', 'esdsd', 'adsd', 'asadasdads', 'asdasd'),
(31, 'e', 'e', 'หญิง', 'dd', 'dd', 'esdsd', 'adsd', 'asassdasdads', 'asdasd'),
(32, 'e', 'e', 'หญิง', 'dd', 'dd', 'esdsd', 'adsd', 'dasdads', 'asdasd'),
(33, 'e', 'e', 'หญิง', 'dd', 'dd', 'esdsd', 'adsd', 'daasdsdssdads', 'asdasd');

-- --------------------------------------------------------

--
-- Table structure for table `price`
--

CREATE TABLE `price` (
  `price_id` int(11) NOT NULL,
  `veg_name` varchar(50) COLLATE utf8mb4_thai_520_w2 NOT NULL,
  `year` varchar(10) COLLATE utf8mb4_thai_520_w2 NOT NULL,
  `month` varchar(10) COLLATE utf8mb4_thai_520_w2 NOT NULL,
  `highest_price` float NOT NULL,
  `lowest_price` float NOT NULL,
  `veg_id` int(11) NOT NULL
) ENGINE=InnoDB DEFAULT CHARSET=utf8mb4 COLLATE=utf8mb4_thai_520_w2;

--
-- Dumping data for table `price`
--

INSERT INTO `price` (`price_id`, `veg_name`, `year`, `month`, `highest_price`, `lowest_price`, `veg_id`) VALUES
(1, 'แตงกวา', '2560', 'ม.ค.', 10, 3, 1),
(2, 'แตงกวา', '2560', 'ก.พ.', 12, 4, 1),
(3, 'แตงกวา', '2560', 'มี.ค.', 13, 5, 1),
(4, 'แตงกวา', '2560', 'เม.ย.', 10, 5, 1),
(5, 'แตงกวา', '2560', 'พ.ค.', 16, 4, 1),
(6, 'แตงกวา', '2556', 'มิ.ย.', 12, 6, 1),
(7, 'แตงกวา', '2560', 'ก.ค.', 14, 3, 1),
(8, 'แตงกวา', '2560', 'ส.ค.', 10, 3, 1),
(9, 'แตงกวา', '2560', 'ก.ย.', 10, 6, 1),
(10, 'แตงกวา', '2560', 'ต.ค.', 12, 5, 1),
(11, 'แตงกวา', '2560', 'พ.ย.', 15, 6, 1),
(12, 'แตงกวา', '2560', 'ธ.ค.', 25, 4, 1),
(13, 'มะเขือเทศ', '2560', 'ม.ค.', 35, 25, 2),
(14, 'มะเขือเทศ', '2560', 'ก.พ.', 25, 20, 2),
(15, 'มะเขือเทศ', '2560', 'มี.ค.', 25, 20, 2),
(16, 'มะเขือเทศ', '2560', 'เม.ย.', 28, 25, 2),
(17, 'มะเขือเทศ', '2560', 'พ.ค.', 30, 20, 2),
(18, 'มะเขือเทศ', '2560', 'มิ.ย.', 40, 20, 2),
(19, 'มะเขือเทศ', '2560', 'ก.ค.', 45, 35, 2),
(20, 'มะเขือเทศ', '2560', 'ส.ค.', 40, 25, 2),
(21, 'มะเขือเทศ', '2560', 'ก.ย.', 35, 22, 2),
(22, 'มะเขือเทศ', '2560', 'ต.ค.', 30, 10, 2),
(23, 'มะเขือเทศ', '2560', 'พ.ย.', 22, 16, 2),
(24, 'มะเขือเทศ', '2560', 'ธ.ค.', 32, 16, 2),
(25, 'พริกขี้หนู', '2560', 'ม.ค.', 120, 60, 3),
(26, 'พริกขี้หนู', '2560', 'ก.พ.', 80, 60, 3),
(27, 'พริกขี้หนู', '2560', 'มี.ค.', 60, 40, 3),
(28, 'พริกขี้หนู', '2560', 'เม.ย.', 140, 60, 3),
(29, 'พริกขี้หนู', '2560', 'พ.ค.', 100, 40, 3),
(30, 'พริกขี้หนู', '2560', 'มิ.ย.', 80, 30, 3),
(31, 'พริกขี้หนู', '2560', 'ก.ค.', 160, 50, 3),
(32, 'พริกขี้หนู', '2560', 'ส.ค.', 160, 80, 3),
(33, 'พริกขี้หนู', '2560', 'ก.ย.', 120, 50, 3),
(34, 'พริกขี้หนู', '2560', 'ต.ค.', 120, 40, 3),
(35, 'พริกขี้หนู', '2560', 'พ.ย.', 140, 30, 3),
(36, 'พริกขี้หนู', '2560', 'ธ.ค.', 160, 40, 3),
(37, 'พริกชี้ฟ้า', '2560', 'ม.ค.', 50, 10, 4),
(38, 'พริกชี้ฟ้า', '2560', 'ก.พ. ', 18, 10, 4),
(39, 'พริกชี้ฟ้า', '2560', 'มี.ค. ', 25, 15, 4),
(40, 'พริกชี้ฟ้า', '2560', 'เม.ย.', 20, 15, 4),
(41, 'พริกชี้ฟ้า', '2560', 'พ.ค. ', 50, 15, 4),
(42, 'พริกชี้ฟ้า', '2560', 'มิ.ย. ', 40, 50, 4),
(43, 'พริกชี้ฟ้า', '2560', 'ก.ค. ', 40, 20, 4),
(44, 'พริกชี้ฟ้า', '2560', 'ส.ค. ', 85, 45, 4),
(45, 'พริกชี้ฟ้า', '2560', 'ก.ย..', 80, 40, 4),
(46, 'พริกชี้ฟ้า', '2560', ' ต.ค ', 60, 30, 4),
(47, 'พริกชี้ฟ้า', '2560', 'พ.ย. ', 50, 15, 4),
(48, 'พริกชี้ฟ้า', '2560', 'ธ.ค.', 30, 10, 4),
(49, 'ผักกาดขาว', '2560', 'ม.ค.', 14, 7, 5),
(50, 'ผักกาดขาว', '2560', 'ก.พ.', 14, 4, 5),
(51, 'ผักกาดขาว', '2560', 'มี.ค.', 8, 4, 5),
(52, 'ผักกาดขาว', '2560', 'เม.ย.', 13, 6, 5),
(53, 'ผักกาดขาว', '2560', 'พ.ค.', 15, 9, 5),
(54, 'ผักกาดขาว', '2560', 'มิ.ย.', 20, 8, 5),
(55, 'ผักกาดขาว', '2560', 'ก.ค.', 12, 9, 5),
(56, 'ผักกาดขาว', '2560', 'ส.ค.', 20, 10, 5),
(57, 'ผักกาดขาว', '2560', 'ก.ย.', 18, 8, 5),
(58, 'ผักกาดขาว', '2560', 'ต.ค.', 20, 10, 5),
(59, 'ผักกาดขาว', '2560', 'พ.ย.', 18, 7, 5),
(60, 'ผักกาดขาว', '2560', 'ธ.ค.', 14, 7, 5),
(61, 'กะหล่ำปลี', '2560', 'ม.ค.', 15, 8, 6),
(62, 'กะหล่ำปลี', '2560', 'ก.พ.', 10, 4, 6),
(63, 'กะหล่ำปลี', '2560', 'มี.ค.', 7, 4, 6),
(64, 'กะหล่ำปลี', '2560', 'เม.ย.', 9, 4, 6),
(65, 'กะหล่ำปลี', '2560', 'พ.ค.', 11, 5, 6),
(66, 'กะหล่ำปลี', '2560', 'มิ.ย.', 12, 5, 6),
(67, 'กะหล่ำปลี', '2560', 'ก.ค.', 13, 8, 6),
(68, 'กะหล่ำปลี', '2560', 'ส.ค.', 15, 8, 6),
(69, 'กะหล่ำปลี', '2560', 'ก.ย.', 15, 10, 6),
(70, 'กะหล่ำปลี', '2560', 'ต.ค.', 15, 10, 6),
(71, 'กะหล่ำปลี', '2560', 'พ.ย.', 13, 8, 6),
(72, 'กะหล่ำปลี', '2560', 'ธ.ค.', 17, 7, 6),
(73, 'ผักชีไทย', '2560', 'ม.ค.', 80, 20, 7),
(74, 'ผักชีไทย', '2560', 'ก.พ.', 50, 20, 7),
(75, 'ผักชีไทย', '2560', 'มี.ค.', 70, 25, 7),
(76, 'ผักชีไทย', '2560', 'เม.ย.', 120, 40, 7),
(77, 'ผักชีไทย', '2560', 'พ.ค.', 180, 40, 7),
(78, 'ผักชีไทย', '2560', 'มิ.ย.', 230, 90, 7),
(79, 'ผักชีไทย', '2560', 'ก.ค.', 160, 40, 7),
(80, 'ผักชีไทย', '2560', 'ส.ค.', 120, 35, 7),
(81, 'ผักชีไทย', '2560', 'ก.ย.', 300, 40, 7),
(82, 'ผักชีไทย', '2560', 'ต.ค.', 300, 150, 7),
(83, 'ผักชีไทย', '2560', 'พ.ย', 150, 30, 7),
(84, 'ผักชีไทย', '2560', 'ธ.ค', 120, 20, 7),
(85, 'ผักชีฝรั่ง', '2560', 'ม.ค.', 30, 20, 8),
(86, 'ผักชีฝรั่ง', '2560', 'ก.พ.', 30, 18, 8),
(87, 'ผักชีฝรั่ง', '2560', 'มี.ค.', 24, 16, 8),
(88, 'ผักชีฝรั่ง', '2560', 'เม.ย.', 40, 20, 8),
(89, 'ผักชีฝรั่ง', '2560', 'พ.ค.', 25, 20, 8),
(90, 'ผักชีฝรั่ง', '2560', 'มิ.ย.', 30, 20, 8),
(91, 'ผักชีฝรั่ง', '2560', 'ก.ค.', 30, 20, 8),
(92, 'ผักชีฝรั่ง', '2560', 'ส.ค.', 36, 20, 8),
(93, 'ผักชีฝรั่ง', '2560', 'ก.ย.', 50, 24, 8),
(94, 'ผักชีฝรั่ง', '2560', 'ต.ค.', 100, 26, 8),
(95, 'ผักชีฝรั่ง', '2560', 'พ.ย.', 70, 24, 8),
(96, 'ผักชีฝรั่ง', '2560', 'ธ.ค.', 60, 28, 8),
(97, 'มันฝรั่ง', '2560', 'ม.ค.', 35, 35, 9),
(98, 'มันฝรั่ง', '2560', 'ก.พ.', 35, 35, 9),
(99, 'มันฝรั่ง', '2560', 'มี.ค.', 40, 35, 9),
(100, 'มันฝรั่ง', '2560', 'เม.ย.', 40, 30, 9),
(101, 'มันฝรั่ง', '2560', 'พ.ค.', 40, 35, 9),
(102, 'มันฝรั่ง', '2560', 'มิ.ย', 40, 35, 9),
(103, 'มันฝรั่ง', '2560', 'ก.ค.', 40, 32, 9),
(104, 'มันฝรั่ง', '2560', 'ส.ค.', 32, 26, 9),
(105, 'มันฝรั่ง', '2560', 'ก.ย.', 35, 30, 9),
(106, 'มันฝรั่ง', '2560', 'ต.ค.', 35, 28, 9),
(107, 'มันฝรั่ง', '2560', 'พ.ย.', 30, 30, 9),
(108, 'มันฝรั่ง', '2560', 'ธ.ค.', 35, 28, 9),
(109, 'แตงกวา', '2559', 'ม.ค', 26, 4, 1),
(110, 'แตงกวา', '2559', 'ก.พ.', 35, 8, 1),
(111, 'แตงกวา', '2559', 'มี.ค.', 15, 6, 1),
(112, 'แตงกวา', '2559', 'เม.ย.', 20, 6, 1),
(113, 'แตงกวา', '2559', 'พ.ค.', 20, 6, 1),
(114, 'แตงกวา', '2559', 'มิ.ย.', 14, 6, 1),
(115, 'แตงกวา', '2559', 'ก.ค.', 15, 6, 1),
(116, 'แตงกวา', '2559', 'ส.ค', 18, 6, 1),
(117, 'แตงกวา', '2559', 'ก.ย.', 8, 4, 1),
(118, 'แตงกวา', '2559', 'ต.ค.', 17, 4, 1),
(119, 'แตงกวา', '2559', 'พ.ย.', 16, 8, 1),
(120, 'แตงกวา', '2559', 'ธ.ค.', 12, 3, 1),
(121, 'มะเขือเทศ', '2559', 'ม.ค.', 30, 25, 2),
(122, 'มะเขือเทศ', '2559', 'ก.พ.', 25, 20, 2),
(123, 'มะเขือเทศ', '2559', 'มี.ค.', 25, 16, 2),
(124, 'มะเขือเทศ', '2559', 'เม.ย.', 25, 25, 2),
(125, 'มะเขือเทศ', '2559', 'พ.ค.', 60, 25, 2),
(126, 'มะเขือเทศ', '2559', 'มิ.ย.', 60, 40, 2),
(127, 'มะเขือเทศ', '2559', 'ก.ค.', 45, 16, 2),
(128, 'มะเขือเทศ', '2559', 'ส.ค.', 35, 20, 2),
(129, 'มะเขือเทศ', '2559', 'ก.ย.', 20, 20, 2),
(130, 'มะเขือเทศ', '2559', 'ต.ค.', 30, 22, 2),
(131, 'มะเขือเทศ', '2559', 'พ.ย.', 40, 30, 2),
(132, 'มะเขือเทศ', '2559', 'ธ.ค.', 35, 30, 2),
(133, 'พริกขี้หนู', '2559', 'ม.ค.', 120, 60, 3),
(134, 'พริกขี้หนู', '2559', 'ก.พ.', 80, 60, 3),
(135, 'พริกขี้หนู', '2559', 'มี.ค.', 60, 40, 3),
(136, 'พริกขี้หนู', '2559', 'เม.ย.', 140, 60, 3),
(137, 'พริกขี้หนู', '2559', 'พ.ค.', 100, 40, 3),
(138, 'พริกขี้หนู', '2559', 'มิ.ย.', 80, 30, 3),
(139, 'พริกขี้หนู', '2559', 'ก.ค.', 160, 50, 3),
(140, 'พริกขี้หนู', '2559', 'ส.ค.', 160, 80, 3),
(141, 'พริกขี้หนู', '2559', 'ก.ย.', 120, 50, 3),
(142, 'พริกขี้หนู', '2559', 'ต.ค.', 120, 40, 3),
(143, 'พริกขี้หนู', '2559', 'พ.ย.', 140, 30, 3),
(144, 'พริกขี้หนู', '2559', 'ธ.ค.', 160, 40, 3),
(145, 'พริกชี้ฟ้า', '2559', 'ม.ค.', 30, 12, 4),
(146, 'พริกชี้ฟ้า', '2559', 'ก.พ. ', 24, 12, 4),
(147, 'พริกชี้ฟ้า', '2559', 'มี.ค.', 40, 20, 4),
(148, 'พริกชี้ฟ้า', '2559', 'เม.ย.', 80, 25, 4),
(149, 'พริกชี้ฟ้า', '2559', 'พ.ค.', 150, 60, 4),
(150, 'พริกชี้ฟ้า', '2559', 'มิ.ย.', 120, 50, 4),
(151, 'พริกชี้ฟ้า', '2559', 'ก.ค.', 50, 25, 4),
(152, 'พริกชี้ฟ้า', '2559', 'ส.ค.', 20, 15, 4),
(153, 'พริกชี้ฟ้า', '2559', 'ก.ย.', 30, 15, 4),
(154, 'พริกชี้ฟ้า', '2559', 'ต.ค.', 35, 20, 4),
(155, 'พริกชี้ฟ้า', '2559', 'พ.ย.', 55, 20, 4),
(156, 'พริกชี้ฟ้า', '2559', 'ธ.ค.', 50, 20, 4),
(157, 'ผักกาดขาว', '2559', 'ม.ค.', 13, 4, 5),
(158, 'ผักกาดขาว', '2559', 'ก.พ. ', 18, 8, 5),
(159, 'ผักกาดขาว', '2559', 'มี.ค.', 13, 8, 5),
(160, 'ผักกาดขาว', '2559', 'เม.ย.', 14, 10, 5),
(161, 'ผักกาดขาว', '2559', 'พ.ค.', 16, 10, 5),
(162, 'ผักกาดขาว', '2559', 'มิ.ย.', 14, 8, 5),
(163, 'ผักกาดขาว', '2559', 'ก.ค.', 15, 8, 5),
(164, 'ผักกาดขาว', '2559', 'ส.ค.', 19, 12, 5),
(165, 'ผักกาดขาว', '2559', 'ก.ย.', 19, 12, 5),
(166, 'ผักกาดขาว', '2559', 'ต.ค.', 16, 13, 5),
(167, 'ผักกาดขาว', '2559', 'พ.ย.', 15, 11, 5),
(168, 'ผักกาดขาว', '2559', 'ธ.ค.', 14, 7, 5),
(169, 'กะหล่ำปลี', '2559', 'ม.ค.', 10, 6, 6),
(170, 'กะหล่ำปลี', '2559', 'ก.พ. ', 9, 5, 6),
(171, 'กะหล่ำปลี', '2559', 'มี.ค.', 15, 6, 6),
(172, 'กะหล่ำปลี', '2559', 'เม.ย.', 13, 6, 6),
(173, 'กะหล่ำปลี', '2559', 'พ.ค.', 20, 11, 6),
(174, 'กะหล่ำปลี', '2559', 'มิ.ย.', 22, 12, 6),
(175, 'กะหล่ำปลี', '2559', 'ก.ค.', 19, 9, 6),
(176, 'กะหล่ำปลี', '2559', 'ส.ค.', 9, 7, 6),
(177, 'กะหล่ำปลี', '2559', 'ก.ย.', 12, 6, 6),
(178, 'กะหล่ำปลี', '2559', 'ต.ค.', 20, 12, 6),
(179, 'กะหล่ำปลี', '2559', 'พ.ย.', 16, 13, 6),
(180, 'กะหล่ำปลี', '2559', 'ธ.ค.', 15, 10, 6),
(181, 'ผักชีไทย', '2559', 'ม.ค.', 90, 30, 7),
(182, 'ผักชีไทย', '2559', 'ก.พ. ', 60, 20, 7),
(183, 'ผักชีไทย', '2559', 'มี.ค.', 60, 20, 7),
(184, 'ผักชีไทย', '2559', 'เม.ย.', 160, 30, 7),
(185, 'ผักชีไทย', '2559', 'พ.ค.', 280, 100, 7),
(186, 'ผักชีไทย', '2559', 'มิ.ย.', 150, 20, 7),
(187, 'ผักชีไทย', '2559', 'ก.ค.', 200, 40, 7),
(188, 'ผักชีไทย', '2559', 'ส.ค.', 250, 60, 7),
(189, 'ผักชีไทย', '2559', 'ก.ย.', 220, 40, 7),
(190, 'ผักชีไทย', '2559', 'ต.ค.', 170, 50, 7),
(191, 'ผักชีไทย', '2559', 'พ.ย.', 180, 40, 7),
(192, 'ผักชีไทย', '2559', 'ธ.ค.', 160, 30, 7),
(193, 'ผักชีฝรั่ง', '2559', 'ม.ค.', 40, 28, 8),
(194, 'ผักชีฝรั่ง', '2559', 'ก.พ. ', 40, 25, 8),
(195, 'ผักชีฝรั่ง', '2559', 'มี.ค.', 40, 35, 8),
(196, 'ผักชีฝรั่ง', '2559', 'เม.ย.', 35, 20, 8),
(197, 'ผักชีฝรั่ง', '2559', 'พ.ค.', 35, 30, 8),
(198, 'ผักชีฝรั่ง', '2559', 'มิ.ย.', 35, 35, 8),
(199, 'ผักชีฝรั่ง', '2559', 'ก.ค.', 40, 35, 8),
(200, 'ผักชีฝรั่ง', '2559', 'ส.ค.', 40, 30, 8),
(201, 'ผักชีฝรั่ง', '2559', 'ก.ย.', 40, 30, 8),
(202, 'ผักชีฝรั่ง', '2559', 'ต.ค.', 35, 28, 8),
(203, 'ผักชีฝรั่ง', '2559', 'พ.ย.', 35, 30, 8),
(204, 'ผักชีฝรั่ง', '2559', 'ธ.ค.', 39, 30, 8),
(205, 'มันฝรั่ง', '2559', 'ม.ค.', 40, 28, 9),
(206, 'มันฝรั่ง', '2559', 'ก.พ. ', 40, 25, 9),
(207, 'มันฝรั่ง', '2559', 'มี.ค.', 40, 35, 9),
(208, 'มันฝรั่ง', '2559', 'เม.ย.', 35, 20, 9),
(209, 'มันฝรั่ง', '2559', 'พ.ค.', 35, 30, 9),
(210, 'มันฝรั่ง', '2559', 'มิ.ย.', 35, 35, 9),
(211, 'มันฝรั่ง', '2559', 'ก.ค.', 40, 35, 9),
(212, 'มันฝรั่ง', '2559', 'ส.ค.', 40, 30, 9),
(213, 'มันฝรั่ง', '2559', 'ก.ย.', 40, 30, 9),
(214, 'มันฝรั่ง', '2559', 'ต.ค.', 35, 28, 9),
(215, 'มันฝรั่ง', '2559', 'พ.ย.', 35, 30, 9),
(216, 'มันฝรั่ง', '2559', 'ธ.ค.', 39, 30, 9),
(217, 'แตงกวา', '2558', 'ม.ค.', 30, 6, 1),
(218, 'แตงกวา', '2558', 'ก.พ. ', 18, 8, 1),
(219, 'แตงกวา', '2558', 'มี.ค.', 12, 6, 1),
(220, 'แตงกวา', '2558', 'เม.ย.', 25, 6, 1),
(221, 'แตงกวา', '2558', 'พ.ค.', 16, 6, 1),
(222, 'แตงกวา', '2558', 'มิ.ย.', 16, 8, 1),
(223, 'แตงกวา', '2558', 'ก.ค.', 18, 8, 1),
(224, 'แตงกวา', '2558', 'ส.ค.', 12, 7, 1),
(225, 'แตงกวา', '2558', 'ก.ย.', 12, 5, 1),
(226, 'แตงกวา', '2558', 'ต.ค.', 6, 3, 1),
(227, 'แตงกวา', '2558', 'พ.ย.', 8, 3, 1),
(228, 'แตงกวา', '2558', 'ธ.ค.', 8, 2, 1),
(229, 'มะเขือเทศ', '2558', 'ม.ค.', 25, 20, 2),
(230, 'มะเขือเทศ', '2558', 'ก.พ. ', 20, 18, 2),
(231, 'มะเขือเทศ', '2558', 'มี.ค.', 18, 18, 2),
(232, 'มะเขือเทศ', '2558', 'เม.ย.', 40, 18, 2),
(233, 'มะเขือเทศ', '2558', 'พ.ค.', 40, 35, 2),
(234, 'มะเขือเทศ', '2558', 'มิ.ย.', 35, 12, 2),
(235, 'มะเขือเทศ', '2558', 'ก.ค.', 30, 25, 2),
(236, 'มะเขือเทศ', '2558', 'ส.ค.', 45, 30, 2),
(237, 'มะเขือเทศ', '2558', 'ก.ย.', 45, 35, 2),
(238, 'มะเขือเทศ', '2558', 'ต.ค.', 40, 25, 2),
(239, 'มะเขือเทศ', '2558', 'พ.ย.', 25, 20, 2),
(240, 'มะเขือเทศ', '2558', 'ธ.ค.', 30, 20, 2),
(241, 'พริกขี้หนู', '2558', 'ม.ค.', 110, 40, 3),
(242, 'พริกขี้หนู', '2558', 'ก.พ. ', 150, 100, 3),
(243, 'พริกขี้หนู', '2558', 'มี.ค.', 140, 99, 3),
(244, 'พริกขี้หนู', '2558', 'เม.ย.', 140, 60, 3),
(245, 'พริกขี้หนู', '2558', 'พ.ค.', 120, 80, 3),
(246, 'พริกขี้หนู', '2558', 'มิ.ย.', 150, 80, 3),
(247, 'พริกขี้หนู', '2558', 'ก.ค.', 160, 80, 3),
(248, 'พริกขี้หนู', '2558', 'ส.ค.', 150, 60, 3),
(249, 'พริกขี้หนู', '2558', 'ก.ย.', 120, 60, 3),
(250, 'พริกขี้หนู', '2558', 'ต.ค.', 100, 50, 3),
(251, 'พริกขี้หนู', '2558', 'พ.ย.', 90, 30, 3),
(252, 'พริกขี้หนู', '2558', 'ธ.ค.', 90, 25, 3),
(253, 'พริกชี้ฟ้า', '2558', 'ม.ค.', 40, 24, 4),
(254, 'พริกชี้ฟ้า', '2558', 'ก.พ. ', 40, 20, 4),
(255, 'พริกชี้ฟ้า', '2558', 'มี.ค.', 44, 20, 4),
(256, 'พริกชี้ฟ้า', '2558', 'เม.ย.', 90, 25, 4),
(257, 'พริกชี้ฟ้า', '2558', 'พ.ค.', 80, 40, 4),
(258, 'พริกชี้ฟ้า', '2558', 'มิ.ย.', 80, 50, 4),
(259, 'พริกชี้ฟ้า', '2558', 'ก.ค.', 80, 40, 4),
(260, 'พริกชี้ฟ้า', '2558', 'ส.ค.', 60, 30, 4),
(261, 'พริกชี้ฟ้า', '2558', 'ก.ย.', 50, 30, 4),
(262, 'พริกชี้ฟ้า', '2558', 'ต.ค.', 50, 25, 4),
(263, 'พริกชี้ฟ้า', '2558', 'พ.ย.', 40, 30, 4),
(264, 'พริกชี้ฟ้า', '2558', 'ธ.ค.', 50, 20, 4),
(265, 'ผักกาดขาว', '2558', 'ม.ค.', 17, 7, 5),
(266, 'ผักกาดขาว', '2558', 'ก.พ. ', 9, 5, 5),
(267, 'ผักกาดขาว', '2558', 'มี.ค.', 10, 6, 5),
(268, 'ผักกาดขาว', '2558', 'เม.ย.', 14, 7, 5),
(269, 'ผักกาดขาว', '2558', 'พ.ค.', 18, 10, 5),
(270, 'ผักกาดขาว', '2558', 'มิ.ย.', 20, 10, 5),
(271, 'ผักกาดขาว', '2558', 'ก.ค.', 16, 10, 5),
(272, 'ผักกาดขาว', '2558', 'ส.ค.', 14, 8, 5),
(273, 'ผักกาดขาว', '2558', 'ก.ย.', 16, 8, 5),
(274, 'ผักกาดขาว', '2558', 'ต.ค.', 20, 12, 5),
(275, 'ผักกาดขาว', '2558', 'พ.ย.', 12, 7, 5),
(276, 'ผักกาดขาว', '2558', 'ธ.ค.', 12, 4, 5),
(277, 'กะหล่ำปลี', '2558', 'ม.ค.', 10, 5, 6),
(278, 'กะหล่ำปลี', '2558', 'ก.พ. ', 13, 8, 6),
(279, 'กะหล่ำปลี', '2558', 'มี.ค.', 15, 8, 6),
(280, 'กะหล่ำปลี', '2558', 'เม.ย.', 15, 11, 6),
(281, 'กะหล่ำปลี', '2558', 'พ.ค.', 11, 6, 6),
(282, 'กะหล่ำปลี', '2558', 'มิ.ย.', 16, 6, 6),
(283, 'กะหล่ำปลี', '2558', 'ก.ค.', 24, 13, 6),
(284, 'กะหล่ำปลี', '2558', 'ส.ค.', 16, 10, 6),
(285, 'กะหล่ำปลี', '2558', 'ก.ย.', 12, 8, 6),
(286, 'กะหล่ำปลี', '2558', 'ต.ค.', 12, 8, 6),
(287, 'กะหล่ำปลี', '2558', 'พ.ย.', 11, 8, 6),
(288, 'กะหล่ำปลี', '2558', 'ธ.ค.', 10, 6, 6),
(289, 'ผักชีไทย', '2558', 'ม.ค.', 50, 20, 7),
(290, 'ผักชีไทย', '2558', 'ก.พ. ', 50, 20, 7),
(291, 'ผักชีไทย', '2558', 'มี.ค.', 70, 40, 7),
(292, 'ผักชีไทย', '2558', 'เม.ย.', 90, 25, 7),
(293, 'ผักชีไทย', '2558', 'พ.ค.', 70, 25, 7),
(294, 'ผักชีไทย', '2558', 'มิ.ย.', 180, 40, 7),
(295, 'ผักชีไทย', '2558', 'ก.ค.', 210, 40, 7),
(296, 'ผักชีไทย', '2558', 'ส.ค.', 100, 25, 7),
(297, 'ผักชีไทย', '2558', 'ก.ย.', 200, 30, 7),
(298, 'ผักชีไทย', '2558', 'ต.ค.', 220, 70, 7),
(299, 'ผักชีไทย', '2558', 'พ.ย.', 150, 40, 7),
(300, 'ผักชีไทย', '2558', 'ธ.ค.', 150, 40, 7),
(301, 'ผักชีฝรั่ง', '2558', 'ม.ค.', 70, 20, 8),
(302, 'ผักชีฝรั่ง', '2558', 'ก.พ. ', 50, 20, 8),
(303, 'ผักชีฝรั่ง', '2558', 'มี.ค.', 56, 25, 8),
(304, 'ผักชีฝรั่ง', '2558', 'เม.ย.', 50, 22, 8),
(305, 'ผักชีฝรั่ง', '2558', 'พ.ค.', 30, 20, 8),
(306, 'ผักชีฝรั่ง', '2558', 'มิ.ย.', 30, 20, 8),
(307, 'ผักชีฝรั่ง', '2558', 'ก.ค.', 50, 20, 8),
(308, 'ผักชีฝรั่ง', '2558', 'ส.ค.', 35, 25, 8),
(309, 'ผักชีฝรั่ง', '2558', 'ก.ย.', 25, 16, 8),
(310, 'ผักชีฝรั่ง', '2558', 'ต.ค.', 30, 16, 8),
(311, 'ผักชีฝรั่ง', '2558', 'พ.ย.', 25, 15, 8),
(312, 'ผักชีฝรั่ง', '2558', 'ธ.ค.', 20, 14, 8),
(313, 'มันฝรั่ง', '2558', 'ม.ค.', 25, 25, 9),
(314, 'มันฝรั่ง', '2558', 'ก.พ. ', 35, 25, 9),
(315, 'มันฝรั่ง', '2558', 'มี.ค.', 35, 23, 9),
(316, 'มันฝรั่ง', '2558', 'เม.ย.', 35, 30, 9),
(317, 'มันฝรั่ง', '2558', 'พ.ค.', 35, 35, 9),
(318, 'มันฝรั่ง', '2558', 'มิ.ย.', 35, 23, 9),
(319, 'มันฝรั่ง', '2558', 'ก.ค.', 28, 23, 9),
(320, 'มันฝรั่ง', '2558', 'ส.ค.', 28, 26, 9),
(321, 'มันฝรั่ง', '2558', 'ก.ย.', 28, 26, 9),
(322, 'มันฝรั่ง', '2558', 'ต.ค.', 30, 28, 9),
(323, 'มันฝรั่ง', '2558', 'พ.ย.', 32, 30, 9),
(324, 'มันฝรั่ง', '2558', 'ธ.ค.', 35, 32, 9),
(325, 'แตงกวา', '2557', 'ม.ค.', 22, 4, 1),
(326, 'แตงกวา', '2557', 'ก.พ. ', 22, 4, 1),
(327, 'แตงกวา', '2557', 'มี.ค.', 12, 5, 1),
(328, 'แตงกวา', '2557', 'เม.ย.', 14, 4, 1),
(329, 'แตงกวา', '2557', 'พ.ค.', 20, 8, 1),
(330, 'แตงกวา', '2557', 'มิ.ย.', 20, 10, 1),
(331, 'แตงกวา', '2557', 'ก.ค.', 14, 8, 1),
(332, 'แตงกวา', '2557', 'ส.ค.', 12, 6, 1),
(333, 'แตงกวา', '2557', 'ก.ย.', 14, 6, 1),
(334, 'แตงกวา', '2557', 'ต.ค.', 12, 5, 1),
(335, 'แตงกวา', '2557', 'พ.ย.', 16, 4, 1),
(336, 'แตงกวา', '2557', 'ธ.ค.', 20, 6, 1),
(337, 'มะเขือเทศ', '2557', 'ม.ค.', 45, 20, 2),
(338, 'มะเขือเทศ', '2557', 'ก.พ. ', 40, 12, 2),
(339, 'มะเขือเทศ', '2557', 'มี.ค.', 30, 12, 2),
(340, 'มะเขือเทศ', '2557', 'เม.ย.', 25, 20, 2),
(341, 'มะเขือเทศ', '2557', 'พ.ค.', 25, 20, 2),
(342, 'มะเขือเทศ', '2557', 'มิ.ย.', 48, 25, 2),
(343, 'มะเขือเทศ', '2557', 'ก.ค.', 45, 40, 2),
(344, 'มะเขือเทศ', '2557', 'ส.ค.', 45, 25, 2),
(345, 'มะเขือเทศ', '2557', 'ก.ย.', 30, 25, 2),
(346, 'มะเขือเทศ', '2557', 'ต.ค.', 30, 20, 2),
(347, 'มะเขือเทศ', '2557', 'พ.ย.', 25, 20, 2),
(348, 'มะเขือเทศ', '2557', 'ธ.ค.', 25, 25, 2),
(349, 'พริกขี้หนู', '2557', 'ม.ค.', 120, 60, 3),
(350, 'พริกขี้หนู', '2557', 'ก.พ. ', 110, 70, 3),
(351, 'พริกขี้หนู', '2557', 'มี.ค.', 80, 50, 3),
(352, 'พริกขี้หนู', '2557', 'เม.ย.', 70, 20, 3),
(353, 'พริกขี้หนู', '2557', 'พ.ค.', 70, 46, 3),
(354, 'พริกขี้หนู', '2557', 'มิ.ย.', 80, 25, 3),
(355, 'พริกขี้หนู', '2557', 'ก.ค.', 80, 45, 3),
(356, 'พริกขี้หนู', '2557', 'ส.ค.', 90, 60, 3),
(357, 'พริกขี้หนู', '2557', 'ก.ย.', 70, 50, 3),
(358, 'พริกขี้หนู', '2557', 'ต.ค.', 70, 40, 3),
(359, 'พริกขี้หนู', '2557', 'พ.ย.', 80, 40, 3),
(360, 'พริกขี้หนู', '2557', 'ธ.ค.', 90, 50, 3),
(361, 'พริกชี้ฟ้า', '2557', 'ม.ค.', 36, 15, 4),
(362, 'พริกชี้ฟ้า', '2557', 'ก.พ. ', 30, 16, 4),
(363, 'พริกชี้ฟ้า', '2557', 'มี.ค.', 50, 15, 4),
(364, 'พริกชี้ฟ้า', '2557', 'เม.ย.', 40, 20, 4),
(365, 'พริกชี้ฟ้า', '2557', 'พ.ค.', 80, 24, 4),
(366, 'พริกชี้ฟ้า', '2557', 'มิ.ย.', 80, 20, 4),
(367, 'พริกชี้ฟ้า', '2557', 'ก.ค.', 60, 24, 4),
(368, 'พริกชี้ฟ้า', '2557', 'ส.ค.', 44, 30, 4),
(369, 'พริกชี้ฟ้า', '2557', 'ก.ย.', 40, 24, 4),
(370, 'พริกชี้ฟ้า', '2557', 'ต.ค.', 40, 20, 4),
(371, 'พริกชี้ฟ้า', '2557', 'พ.ย.', 50, 22, 4),
(372, 'พริกชี้ฟ้า', '2557', 'ธ.ค.', 50, 20, 4),
(373, 'ผักกาดขาว', '2557', 'ม.ค.', 53, 3, 5),
(374, 'ผักกาดขาว', '2557', 'ก.พ. ', 8, 4, 5),
(375, 'ผักกาดขาว', '2557', 'มี.ค.', 13, 6, 5),
(376, 'ผักกาดขาว', '2557', 'เม.ย.', 25, 4, 5),
(377, 'ผักกาดขาว', '2557', 'พ.ค.', 22, 11, 5),
(378, 'ผักกาดขาว', '2557', 'มิ.ย.', 12, 7, 5),
(379, 'ผักกาดขาว', '2557', 'ก.ค.', 23, 7, 5),
(380, 'ผักกาดขาว', '2557', 'ส.ค.', 17, 10, 5),
(381, 'ผักกาดขาว', '2557', 'ก.ย.', 13, 8, 5),
(382, 'ผักกาดขาว', '2557', 'ต.ค.', 12, 7, 5),
(383, 'ผักกาดขาว', '2557', 'พ.ย.', 14, 8, 5),
(384, 'ผักกาดขาว', '2557', 'ธ.ค.', 14, 8, 5),
(385, 'กะหล่ำปลี', '2557', 'ม.ค.', 12, 4, 6),
(386, 'กะหล่ำปลี', '2557', 'ก.พ. ', 6, 5, 6),
(387, 'กะหล่ำปลี', '2557', 'มี.ค.', 8, 5, 6),
(388, 'กะหล่ำปลี', '2557', 'เม.ย.', 13, 6, 6),
(389, 'กะหล่ำปลี', '2557', 'พ.ค.', 16, 12, 6),
(390, 'กะหล่ำปลี', '2557', 'มิ.ย.', 14, 6, 6),
(391, 'กะหล่ำปลี', '2557', 'ก.ค.', 15, 8, 6),
(392, 'กะหล่ำปลี', '2557', 'ส.ค.', 15, 8, 6),
(393, 'กะหล่ำปลี', '2557', 'ก.ย.', 14, 6, 6),
(394, 'กะหล่ำปลี', '2557', 'ต.ค.', 9, 5, 6),
(395, 'กะหล่ำปลี', '2557', 'พ.ย.', 8, 5, 6),
(396, 'กะหล่ำปลี', '2557', 'ธ.ค.', 10, 6, 6),
(397, 'ผักชีไทย', '2557', 'ม.ค.', 80, 20, 7),
(398, 'ผักชีไทย', '2557', 'ก.พ. ', 40, 20, 7),
(399, 'ผักชีไทย', '2557', 'มี.ค.', 80, 30, 7),
(400, 'ผักชีไทย', '2557', 'เม.ย.', 150, 40, 7),
(401, 'ผักชีไทย', '2557', 'พ.ค.', 150, 50, 7),
(402, 'ผักชีไทย', '2557', 'มิ.ย.', 170, 60, 7),
(403, 'ผักชีไทย', '2557', 'ก.ค.', 130, 20, 7),
(404, 'ผักชีไทย', '2557', 'ส.ค.', 70, 20, 7),
(405, 'ผักชีไทย', '2557', 'ก.ย.', 120, 50, 7),
(406, 'ผักชีไทย', '2557', 'ต.ค.', 120, 50, 7),
(407, 'ผักชีไทย', '2557', 'พ.ย.', 160, 50, 7),
(408, 'ผักชีไทย', '2557', 'ธ.ค.', 150, 30, 7),
(409, 'ผักชีฝรั่ง', '2557', 'ม.ค.', 38, 35, 8),
(410, 'ผักชีฝรั่ง', '2557', 'ก.พ. ', 38, 25, 8),
(411, 'ผักชีฝรั่ง', '2557', 'มี.ค.', 28, 25, 8),
(412, 'ผักชีฝรั่ง', '2557', 'เม.ย.', 28, 18, 8),
(413, 'ผักชีฝรั่ง', '2557', 'พ.ค.', 30, 24, 8),
(414, 'ผักชีฝรั่ง', '2557', 'มิ.ย.', 28, 25, 8),
(415, 'ผักชีฝรั่ง', '2557', 'ก.ค.', 30, 25, 8),
(416, 'ผักชีฝรั่ง', '2557', 'ส.ค.', 29, 24, 8),
(417, 'ผักชีฝรั่ง', '2557', 'ก.ย.', 35, 23, 8),
(418, 'ผักชีฝรั่ง', '2557', 'ต.ค.', 28, 23, 8),
(419, 'ผักชีฝรั่ง', '2557', 'พ.ย.', 28, 25, 8),
(420, 'ผักชีฝรั่ง', '2557', 'ธ.ค.', 25, 25, 8),
(421, 'มันฝรั่ง', '2557', 'ม.ค.', 38, 35, 9),
(422, 'มันฝรั่ง', '2557', 'ก.พ. ', 38, 25, 9),
(423, 'มันฝรั่ง', '2557', 'มี.ค.', 28, 25, 9),
(424, 'มันฝรั่ง', '2557', 'เม.ย.', 28, 18, 9),
(425, 'มันฝรั่ง', '2557', 'พ.ค.', 30, 24, 9),
(426, 'มันฝรั่ง', '2557', 'มิ.ย.', 28, 24, 9),
(427, 'มันฝรั่ง', '2557', 'ก.ค.', 30, 25, 9),
(428, 'มันฝรั่ง', '2557', 'ส.ค.', 29, 24, 9),
(429, 'มันฝรั่ง', '2557', 'ก.ย.', 35, 23, 9),
(430, 'มันฝรั่ง', '2557', 'ต.ค.', 28, 23, 9),
(431, 'มันฝรั่ง', '2557', 'พ.ย.', 28, 25, 9),
(432, 'มันฝรั่ง', '2557', 'ธ.ค.', 25, 25, 9);

-- --------------------------------------------------------

--
-- Table structure for table `recordcrop`
--

CREATE TABLE `recordcrop` (
  `record_id` int(11) NOT NULL,
  `mem_id` int(11) NOT NULL,
  `vegetable` varchar(50) COLLATE utf8mb4_thai_520_w2 NOT NULL,
  `breed` varchar(50) COLLATE utf8mb4_thai_520_w2 NOT NULL,
  `standard` varchar(50) COLLATE utf8mb4_thai_520_w2 NOT NULL,
  `transplant` int(10) NOT NULL,
  `tablewah` float NOT NULL,
  `record_date` timestamp NOT NULL DEFAULT CURRENT_TIMESTAMP ON UPDATE CURRENT_TIMESTAMP
) ENGINE=InnoDB DEFAULT CHARSET=utf8mb4 COLLATE=utf8mb4_thai_520_w2;

--
-- Dumping data for table `recordcrop`
--

INSERT INTO `recordcrop` (`record_id`, `mem_id`, `vegetable`, `breed`, `standard`, `transplant`, `tablewah`, `record_date`) VALUES
(28, 2, 'ผักกาดขาว', 'ซูโม้', 'ไม่มี', 40, 0, '2018-11-15 08:48:11'),
(40, 2, 'มันฝรั่ง', 'ภูเขาทอง', 'ไม่มี', 5, 0, '2018-11-20 17:33:01'),
(44, 27, 'ผักกาดขาว', 'ซูโม้', 'ไม่มี', 1, 1, '2018-11-23 05:54:34'),
(45, 28, 'แตงกวา', 'ศรแดง', 'ไม่มี', 20, 0, '2018-11-23 07:26:40'),
(46, 1, 'ผักชีไทย', 'ศรแดง', '-', 10, 0, '2018-11-27 08:08:15');

-- --------------------------------------------------------

--
-- Table structure for table `vegetable`
--

CREATE TABLE `vegetable` (
  `veg_id` int(11) NOT NULL,
  `ad_id` int(11) NOT NULL,
  `veg_name` varchar(50) COLLATE utf8mb4_thai_520_w2 NOT NULL,
  `veg_family_name` varchar(50) COLLATE utf8mb4_thai_520_w2 NOT NULL,
  `veg_scientific_name` varchar(50) COLLATE utf8mb4_thai_520_w2 NOT NULL,
  `veg_common_name` varchar(50) COLLATE utf8mb4_thai_520_w2 NOT NULL,
  `veg_age` varchar(50) COLLATE utf8mb4_thai_520_w2 NOT NULL,
  `veg_cultivation_method` text COLLATE utf8mb4_thai_520_w2 NOT NULL,
  `veg_watering` varchar(200) COLLATE utf8mb4_thai_520_w2 NOT NULL,
  `veg_harvest_time` varchar(50) COLLATE utf8mb4_thai_520_w2 NOT NULL,
  `breed` varchar(20) COLLATE utf8mb4_thai_520_w2 NOT NULL
) ENGINE=InnoDB DEFAULT CHARSET=utf8mb4 COLLATE=utf8mb4_thai_520_w2;

--
-- Dumping data for table `vegetable`
--

INSERT INTO `vegetable` (`veg_id`, `ad_id`, `veg_name`, `veg_family_name`, `veg_scientific_name`, `veg_common_name`, `veg_age`, `veg_cultivation_method`, `veg_watering`, `veg_harvest_time`, `breed`) VALUES
(1, 1, 'แตงกวา', 'CUCURBITACEAE', 'Cucumis Sativus Linn.', 'Cucumber', 'อายุสั้น', 'การปลูกแตงกวานั้นนิยมปลูกเป็นหลุม ใช้ระยะระหว่างแถวประมาณ 1.5 เมตร ระยะระหว่างต้น 1 เมตร โดยใช้เมล็ดหยอดหลุม 3-5 เมล็ด โดยให้ลึกลงไปในดิน 2.5 เซนติเมตร แล้วกลบด้วยปุ๋ยคอก ', '          การให้น้ำ ควรใช้ระบบการให้น้ำแบบ Furrow System เนื่องจากจะให้ผลดี เพราะทำให้ผิวดินชุ่มน้ำมากและเถาแตงไม่เปียกน้ำ หากให้น้ำระบบที่ทำให้เถาแตงเปียกน้ำ อาจเป็นบ่อเกิดของโรคเน่าได้', '40-45 วัน', 'ศรแดง'),
(2, 1, 'มะเขือเทศ', 'Solanaceae', 'Lycopersicon esculentum Mill.', 'Tomato', 'อายุยาว', 'สามารถปลูกโดยใช้กล้าเพาะหรือการหยอดเมล็ด ในระยะปลูกที่ความห่างของต้นหรือหลุมที่ 50 ซม. สำหรับการหยอดเมล็ด ควรหยอด 3-4 เมล็ด/หลุม แล้วค่อยถอนออกให้เหลือ 1-2 ต้น/หลุม', 'การให้น้ำ จะให้อย่างต่อเนื่อง โดยเฉพาะในระยะแรกหลังการปลูก ประมาณ 1 เดือน ควรให้น้ำอย่างน้อยอาทิตย์ละ 2 ครั้ง หลังจากนั้น ให้น้ำอย่างน้อยอาทิตย์ละ 1 ครั้ง โดยหลังจากผลเริ่มแก่ค่อยลดปริมาณการให้น้ำลง', '55-85 วัน', 'ท้อผลใหญ่'),
(3, 1, 'พริกขี้หนู', 'SOLANACEAE', 'Capsicum frutescens Linn.', 'Bird Chilli', 'อายุยาว', 'การปลูกแบบพริกไร่ เป็นการปลูกพริกขี้หนูที่อาศัยน้ำฝนในช่วงฤดูฝนสำหรับการเจริญเติบโต การปลูกในลักษณะนี้จะควบคุมผลผลิตได้จาก อัตราการตายสูง แต่แก้ไขโดยการปลูกหลังจากฝนตกแล้วจนดินชุ่ม 1-2 ครั้ง', 'การให้น้ำ พริกขี้หนูเป็นพืชที่ไม่ต้องการน้ำมาก แต่ต้องการน้ำอย่างเพียงพอ และสม่ำเสมอจึงควรให้น้ำเพียงเพื่อให้ดินชุ่มประมาณ 1-2 ครั้ง/วัน ', '65-90 วัน ', 'พริกขี้หนูสวน'),
(4, 1, 'พริกชี้ฟ้า', 'SOLANACEAE', 'Capsicum annuum Linn. Var acuminatum Fingerh.', 'Cayenne pepper, chili spur pepper, long fed pepper', 'อายุยาว', '1.เพาะกล้าพริกชี้ฟ้าประมาณ 30-40 วัน สูงประมาณ 15-20 เซนติเมตร มีใบจริง 5-7 ใบ และให้งดน้ำต้นกล้า 2-3 วันก่อนย้อยปลูก\r\n2.ขุดหลุมในระยะห่างระหว่างหลุม 50 เซนติเมตร ขึ้นอยู่กับทรงพุ่มของแต่ละพันธุ์\r\n3.นำกล้าที่ถอนเตรียมไว้ลงหลุมปลูก พร้อมกลบดินให้แน่นพอประมาณ\r\n4.รดน้ำให้ชุ่ม และรดทุกวัน วันละ 1-2 ครั้ง\r\n', 'การให้น้ำ ช่วงย้ายกล้าให้น้ำทุก ๆ 3 วัน จนต้นพริกมาอายุได้ 15 วัน จึงเปลี่ยนเป็น การให้น้ำสัปดาห์ 1 ครั้ง', '2-3 เดือน ', 'ศรแดง'),
(5, 1, 'ผักกาดขาว', 'Cruciferae', 'Brassica pekinensis ', 'Chinese Cabbage', 'อายุสั้น', '1.แบบเพาะกล้า หว่านเมล็ดพันธุ์ลงในแปลงเพาะกล้า แล้วโรยทับด้วยดิน คลุกปุ๋ยหมักหรือปุ๋ยคอกหนา 1 เซนติเมตรคลุมด้วยฟางหรือหญ้าแห้ง รดน้ำให้ชุ่ม แล้วรดน้ำเช้าเย็น \r\n2.วิธีหว่านลงแปลงปลูก ใช้เมล็ดพันธุ์หว่านลงในแปลง แล้วโรยทับด้วยปุ๋ยหมัก หรือปุ๋ยคอกหนา 1 เซนติเมตร คลุมด้วยฟางหรือหญ้าแห้ง รดน้ำให้ชุ่ม แล้วรดน้ำเช้าเย็น ', 'การให้น้ำ รดน้ำวันละ 2 ครั้ง อย่าให้ขาดน้ำ ผักกาดขาวควรได้รับแสงแดดตลอดวัน ใส่ปุ๋ยหมักหรือปุ๋ยคอก หลังการถอนแยกและทุก 10 วัน จนถึงอายุเก็บเกี่ยว', '40-50 วัน ', 'ซูโม้'),
(6, 1, 'กะหล่ำปลี', 'BRASSICACEAE', 'Brassica oleracea var. capitata L.', 'Cabbage', 'อายุยาว', 'การหว่านเมล็ดในแปลงกล้า เมื่ออายุต้นกล้าโตได้ที่แล้ว จึงถอนไปปลูกในแปลงต่อ', 'กะหล่ำปลีเป็นพืชรากตื้น จึงต้องทำให้หน้าดินชุ่มอยู่เสมอ จึงจำเป็นต้องให้น้ำวันละ 1-2 ครั้ง โดยเฉพาะหลังการปลูกที่ต้องให้ถี่กว่าทุกระยะ จนกว่าใบจะแผ่คลุมหน้าดินหมด เวลาการให้น้ำที่เหมาะสมควรเป็นเวลาเช้', '50-120 วัน ', 'โกลเด้นท์ เอเคอร์'),
(7, 1, 'ผักชีไทย', 'Umbelliferae', 'Coriandrum sativum  L.', 'Coriander', 'อายุสั้น', '1.ก่อนปลูกต้องรดน้ำให้ทั่วแปลงที่จะปลูก\r\n2.หวานเมล็ดลงในแปลงปลูก\r\n3.กลบด้วยดินละเอียดบาง ๆ แล้วคลุกด้วยฟางหรือหญ้าแห้งอีกชั้นหนึ่ง เพื่อป้องกันต้นอ่อนจากแสงแดด และรักษาความชื้นของผิวดิน\r\n', 'การให้น้ำ ให้น้ำอย่างสม่ำเสมอวันละ 2 ครั้ง เช้าและเย็น', '45 วัน', 'ศรแดง'),
(8, 1, 'ผักชีฝรั่ง', 'Apiaceae', 'Eryngium foetidum L.', 'pak-chee-farang', 'อายุสั้น', '1.การปลูกผักชีฝรั่งมีความจำเป็นอย่างยิ่งที่ต้องยกร่องแปลงปลูกให้สูงสำหรับพื้นที่น้ำท่วมง่ายเพื่อป้องกันโรครากเน่า\r\n2.เตรียมแปลงก่อนปลูกควรทำการไถดะด้วยผานใหญ่ ลึกประมาณ 30 เซนติเมตร และตากดินให้แห้ง 7-10 วัน\r\n3.หว่านเมล็ดผักชีฝรั่งลงแปลงที่ต้องการเพาะปลูก หลังจากนั้นใช้คราดซี่เล็กคราดเกลี่ยหน้าดินเพื่อกลบเมล็ด 1 รอบ หรืออาจใช้น้ำรดได้เลยโดยไม่ต้องเกลี่ยกลบหน้าดิน', 'การให้น้ำ การให้น้ำครั้งแรกจะให้หลังการหว่านเมล็ดเสร็จ และหลังจากนั้นจะให้น้ำทุกวัน วันละครั้ง ในปริมาณที่หน้าดินชุ่มด้วยเครื่องให้น้ำหรือระบบสเปรย์ เมื่อปลูกได้ 10-15 วันจะเริ่มเห็นเมล็ดเริ่มงอก', '45-60 วัน ', 'ศรแดง'),
(9, 1, 'มันฝรั่ง', 'SOLANACEAE', 'Solanum tuberosum', 'Irish potato,White potato', 'อายุยาว', 'มันฝรั่งสามารถปลูกได้ผลดีเมื่ออากาศเริ่มเย็น หรือเมื่อเริ่มเข้าฤดูหนาว ส่วนเวลาปลูกนั้นย่อมแตกต่างกันไป ขึ้นอยู่กับท้องที่ โดยทั่วไปแล้วเริ่มต้นปลูกตั้งแต่เดือนตุลาคม เป็นต้นไปจนถึงเดือนพฤศจิกายน ', 'การให้น้ำ จะมีการให้น้ำบ้างในระยะแรกของการปลูกเท่านั้นเมื่องอกพ้นดินมาแล้วจะอาศัยธรรมชาติ', '90-100 วัน ', 'G0');

--
-- Indexes for dumped tables
--

--
-- Indexes for table `admin`
--
ALTER TABLE `admin`
  ADD PRIMARY KEY (`ad_id`);

--
-- Indexes for table `cropdatail`
--
ALTER TABLE `cropdatail`
  ADD PRIMARY KEY (`crop_id`),
  ADD KEY `record_id` (`record_id`);

--
-- Indexes for table `member`
--
ALTER TABLE `member`
  ADD PRIMARY KEY (`mem_id`);

--
-- Indexes for table `price`
--
ALTER TABLE `price`
  ADD PRIMARY KEY (`price_id`);

--
-- Indexes for table `recordcrop`
--
ALTER TABLE `recordcrop`
  ADD PRIMARY KEY (`record_id`),
  ADD KEY `mem_id` (`mem_id`);

--
-- Indexes for table `vegetable`
--
ALTER TABLE `vegetable`
  ADD PRIMARY KEY (`veg_id`);

--
-- AUTO_INCREMENT for dumped tables
--

--
-- AUTO_INCREMENT for table `admin`
--
ALTER TABLE `admin`
  MODIFY `ad_id` int(11) NOT NULL AUTO_INCREMENT, AUTO_INCREMENT=2;

--
-- AUTO_INCREMENT for table `cropdatail`
--
ALTER TABLE `cropdatail`
  MODIFY `crop_id` int(11) NOT NULL AUTO_INCREMENT, AUTO_INCREMENT=43;

--
-- AUTO_INCREMENT for table `member`
--
ALTER TABLE `member`
  MODIFY `mem_id` int(10) NOT NULL AUTO_INCREMENT, AUTO_INCREMENT=34;

--
-- AUTO_INCREMENT for table `price`
--
ALTER TABLE `price`
  MODIFY `price_id` int(11) NOT NULL AUTO_INCREMENT, AUTO_INCREMENT=457;

--
-- AUTO_INCREMENT for table `recordcrop`
--
ALTER TABLE `recordcrop`
  MODIFY `record_id` int(11) NOT NULL AUTO_INCREMENT, AUTO_INCREMENT=47;

--
-- AUTO_INCREMENT for table `vegetable`
--
ALTER TABLE `vegetable`
  MODIFY `veg_id` int(11) NOT NULL AUTO_INCREMENT, AUTO_INCREMENT=10;
COMMIT;

/*!40101 SET CHARACTER_SET_CLIENT=@OLD_CHARACTER_SET_CLIENT */;
/*!40101 SET CHARACTER_SET_RESULTS=@OLD_CHARACTER_SET_RESULTS */;
/*!40101 SET COLLATION_CONNECTION=@OLD_COLLATION_CONNECTION */;
